Language,Provider,Filename,Lines,Code,Comments,Blanks,Complexity,Bytes,ULOC
C,/libavformat/4xm.c,4xm.c,331,242,42,47,48,10613,249
C,/libavcodec/4xm.c,4xm.c,759,587,43,129,109,23489,511
C,/libavcodec/8bps.c,8bps.c,236,144,56,36,23,7869,159
License,/COPYING,COPYING,504,427,0,77,0,26428,419
Makefile,/tests/Makefile,Makefile,114,79,9,26,0,3356,79
Makefile,/vhook/Makefile,Makefile,52,37,0,15,0,1263,36
Makefile,/Makefile,Makefile,247,189,6,52,0,6014,167
Makefile,/libavcodec/Makefile,Makefile,458,401,10,47,0,18763,404
Makefile,/libavutil/Makefile,Makefile,30,22,3,5,0,523,25
Makefile,/doc/Makefile,Makefile,20,13,0,7,0,381,14
Makefile,/libswscale/Makefile,Makefile,26,16,0,10,0,475,17
Makefile,/libavformat/Makefile,Makefile,182,160,7,15,0,7912,160
Makefile,/libpostproc/Makefile,Makefile,26,15,1,10,0,525,17
C Header,/libavcodec/liba52/a52.h,a52.h,73,42,22,9,0,2093,62
C Header,/libavcodec/liba52/a52_internal.h,a52_internal.h,162,108,25,29,0,5621,128
C Header,/libavcodec/liba52/a52_util.h,a52_util.h,32,6,22,4,0,1221,26
C,/libavcodec/a52dec.c,a52dec.c,260,193,46,21,39,8308,201
C,/libavcodec/aasc.c,aasc.c,176,119,33,24,23,5326,133
C Header,/libavcodec/ac3.h,ac3.h,65,32,25,8,0,2218,54
C,/libavcodec/ac3dec.c,ac3dec.c,184,134,33,17,31,5590,144
C,/libavcodec/ac3enc.c,ac3enc.c,1557,1242,142,173,253,43651,1072
C Header,/libavcodec/ac3tab.h,ac3tab.h,205,158,29,18,0,7234,158
C,/libavutil/adler32.c,adler32.c,71,43,22,6,7,2192,59
C Header,/libavutil/adler32.h,adler32.h,27,5,19,3,0,972,22
C,/libavcodec/adpcm.c,adpcm.c,1391,1104,121,166,202,49148,900
C,/libavformat/adtsenc.c,adtsenc.c,123,80,23,20,3,3516,88
C,/libavcodec/adx.c,adx.c,412,297,58,57,38,9745,265
C,/libavutil/aes.c,aes.c,239,189,22,28,40,7953,177
C Header,/libavutil/aes.h,aes.h,45,7,32,6,0,1531,33
C,/libavutil/aes128.c,aes128.c,180,152,22,6,10,8103,148
C Header,/libavutil/aes128.h,aes128.h,20,18,0,2,0,445,16
C,/libavformat/aiff.c,aiff.c,436,304,52,80,57,12264,294
C,/libavcodec/alac.c,alac.c,859,571,125,163,91,28844,515
C,/libavcodec/allcodecs.c,allcodecs.c,266,214,36,16,7,9576,245
C,/libavformat/allformats.c,allformats.c,168,135,26,7,4,5861,154
C Header,/libavformat/allformats.h,allformats.h,178,150,23,5,0,6285,171
C,/libavcodec/amr.c,amr.c,686,473,89,124,45,17870,327
C,/libavformat/amr.c,amr.c,201,144,31,26,21,4737,119
C,/libavcodec/apiexample.c,apiexample.c,457,289,95,73,38,12507,247
C,/libavformat/asf-enc.c,asf-enc.c,838,664,51,123,121,28521,540
C,/libavformat/asf.c,asf.c,1005,801,110,94,201,36582,731
C Header,/libavformat/asf.h,asf.h,279,175,53,51,0,10653,193
C Header,/libavcodec/alpha/asm.h,asm.h,191,156,21,14,7,9331,156
C,/libavcodec/asv1.c,asv1.c,655,503,29,123,108,19764,370
C,/libavformat/au.c,au.c,209,140,39,30,17,5028,137
C,/libavformat/audio.c,audio.c,352,276,33,43,61,8444,227
C,/libavcodec/audioconvert.c,audioconvert.c,79,42,29,8,20,3336,65
C,/tests/audiogen.c,audiogen.c,168,135,12,21,22,4655,116
C Header,/libavcodec/avcodec.h,avcodec.h,2706,1242,1172,292,0,79999,1640
C Header,/libavformat/avformat.h,avformat.h,553,327,140,86,5,20620,424
C Header,/libavformat/avi.h,avi.h,39,13,20,6,0,1366,31
C,/libavformat/avidec.c,avidec.c,1017,812,83,122,226,33605,696
C,/libavformat/avienc.c,avienc.c,580,459,47,74,84,18575,413
C,/libavformat/avio.c,avio.c,200,143,37,20,27,4921,138
C Header,/libavformat/avio.h,avio.h,212,141,36,35,0,7462,171
C,/libavformat/aviobuf.c,aviobuf.c,795,623,77,95,111,19390,467
C,/libavformat/avisynth.c,avisynth.c,222,160,22,40,26,6793,146
C,/libavcodec/avs.c,avs.c,160,116,20,24,19,4117,120
C,/libavformat/avs.c,avs.c,227,173,20,34,37,6641,166
C Header,/libavutil/avutil.h,avutil.h,137,80,41,16,0,5936,110
Plain Text,/doc/avutil.txt,avutil.txt,37,32,0,5,0,1422,32
C Header,/libavformat/barpainet.h,barpainet.h,45,17,20,8,0,1289,35
C,/libavformat/base64.c,base64.c,231,172,33,26,40,7278,178
C Header,/libavformat/base64.h,base64.h,24,2,20,2,0,1030,20
C++,/libavformat/beosaudio.cpp,beosaudio.cpp,465,382,42,41,56,13132,289
C,/libavcodec/beosthread.c,beosthread.c,182,112,35,35,15,4817,116
C Header,/berrno.h,berrno.h,44,33,1,10,0,517,29
C,/libavcodec/liba52/bit_allocate.c,bit_allocate.c,260,210,29,21,38,9439,188
C,/libavcodec/liba52/bitstream.c,bitstream.c,91,43,30,18,4,2517,55
C,/libavcodec/bitstream.c,bitstream.c,254,171,62,21,30,7937,189
C Header,/libavcodec/bitstream.h,bitstream.h,956,690,143,123,35,26187,536
C Header,/libavcodec/liba52/bitstream.h,bitstream.h,77,39,23,15,4,2286,54
C,/libavcodec/bitstream_filter.c,bitstream_filter.c,284,220,20,44,46,9110,179
C,/libavcodec/bmp.c,bmp.c,254,193,21,40,43,6594,160
C Header,/libavcodec/bmp.h,bmp.h,31,9,20,2,0,1023,27
C,/libavcodec/bmpenc.c,bmpenc.c,98,68,23,7,2,4078,86
C Header,/libavutil/bswap.h,bswap.h,175,132,25,18,1,3885,108
Shell,/build_avopt,build_avopt,9,8,1,0,0,387,10
C Header,/libavcodec/bytestream.h,bytestream.h,56,29,20,7,0,1752,43
C,/libavcodec/cabac.c,cabac.c,265,199,33,33,22,8058,160
C Header,/libavcodec/cabac.h,cabac.h,859,681,66,112,65,29096,510
C,/libavcodec/cavs.c,cavs.c,1540,1239,173,128,287,54012,1079
C Header,/libavcodec/cavsdata.h,cavsdata.h,643,566,44,33,0,26574,462
C,/libavcodec/cavsdsp.c,cavsdsp.c,546,474,38,34,59,23783,348
C,/libavcodec/i386/cavsdsp_mmx.c,cavsdsp_mmx.c,518,444,37,37,4,21169,383
C,/libavcodec/cinepak.c,cinepak.c,473,348,44,81,69,15366,309
Shell,/clean-diff,clean-diff,11,10,1,0,0,324,12
C,/libavcodec/cljr.c,cljr.c,158,103,26,29,5,3716,103
C,/cmdutils.c,cmdutils.c,141,112,21,8,36,4527,110
C Header,/cmdutils.h,cmdutils.h,34,31,0,3,0,990,32
C Header,/libavutil/common.h,common.h,348,233,76,39,34,8988,240
Makefile,/common.mak,common.mak,101,74,3,24,2,2495,73
Shell,/configure,configure,2231,1950,105,176,200,59669,1524
C,/libavcodec/cook.c,cook.c,1269,796,298,175,160,41698,789
C Header,/libavcodec/cookdata.h,cookdata.h,559,466,29,64,0,28645,446
C,/libavcodec/i386/cputest.c,cputest.c,130,87,28,15,13,3892,105
C,/libavformat/crc.c,crc.c,98,67,21,10,0,2474,61
C,/libavcodec/liba52/crc.c,crc.c,73,46,22,5,1,2988,63
C,/libavutil/crc.c,crc.c,104,67,25,12,20,3118,81
C Header,/libavutil/crc.h,crc.h,35,10,19,6,0,1193,27
C,/libswscale/cs_test.c,cs_test.c,307,267,20,20,19,7254,193
C,/libavcodec/cscd.c,cscd.c,264,223,22,19,26,7889,164
C,/libavformat/cutils.c,cutils.c,275,192,57,26,56,7134,183
C,/cws2fws.c,cws2fws.c,127,94,8,25,22,3051,84
C,/libavcodec/cyuv.c,cyuv.c,190,117,41,32,7,5544,132
C,/libavformat/daud.c,daud.c,58,35,20,3,1,1783,50
C,/libavformat/dc1394.c,dc1394.c,193,142,24,27,25,6409,145
C,/libavcodec/dct-test.c,dct-test.c,535,417,51,67,108,15471,344
C,/libavcodec/liba52/downmix.c,downmix.c,679,535,23,121,48,17064,276
C,/libavcodec/dpcm.c,dpcm.c,335,252,44,39,33,11605,227
C,/vhook/drawtext.c,drawtext.c,531,359,76,96,71,14954,347
C,/libavformat/dsicin.c,dsicin.c,224,150,31,43,35,6600,152
C,/libavcodec/dsicinav.c,dsicinav.c,362,285,29,48,34,12229,236
C,/tests/dsptest.c,dsptest.c,178,119,37,22,16,4662,143
C,/libavcodec/dsputil.c,dsputil.c,4184,3767,74,343,280,151361,2027
C Header,/libavcodec/dsputil.h,dsputil.h,759,444,183,132,10,28302,479
C,/libavcodec/sh4/dsputil_align.c,dsputil_align.c,430,349,30,51,21,14520,276
C,/libavcodec/alpha/dsputil_alpha.c,dsputil_alpha.c,362,283,33,46,13,14838,268
Assembly,/libavcodec/alpha/dsputil_alpha_asm.S,dsputil_alpha_asm.S,285,197,38,50,0,7360,193
C,/libavcodec/ppc/dsputil_altivec.c,dsputil_altivec.c,1589,1187,186,216,59,59545,776
C Header,/libavcodec/ppc/dsputil_altivec.h,dsputil_altivec.h,106,62,29,15,1,3407,84
C,/libavcodec/armv4l/dsputil_arm.c,dsputil_arm.c,277,208,44,25,11,10812,182
Assembly,/libavcodec/armv4l/dsputil_arm_s.S,dsputil_arm_s.S,696,673,0,23,8,18839,215
C,/libavcodec/bfin/dsputil_bfin.c,dsputil_bfin.c,55,33,19,3,0,1723,48
C,/libavcodec/i386/dsputil_h264_template_mmx.c,dsputil_h264_template_mmx.c,326,238,55,33,14,11338,213
C,/libavcodec/armv4l/dsputil_iwmmxt.c,dsputil_iwmmxt.c,188,150,21,17,3,8105,143
C Header,/libavcodec/armv4l/dsputil_iwmmxt_rnd.h,dsputil_iwmmxt_rnd.h,1114,1002,68,44,0,48228,249
C,/libavcodec/mlib/dsputil_mlib.c,dsputil_mlib.c,464,350,27,87,23,11465,166
C,/libavcodec/ps2/dsputil_mmi.c,dsputil_mmi.c,163,123,23,17,2,5487,106
C,/libavcodec/i386/dsputil_mmx.c,dsputil_mmx.c,3534,3130,80,324,82,137926,2026
C Header,/libavcodec/i386/dsputil_mmx_avg.h,dsputil_mmx_avg.h,870,792,56,22,0,37103,216
C Header,/libavcodec/i386/dsputil_mmx_rnd.h,dsputil_mmx_rnd.h,592,535,30,27,7,23188,215
C,/libavcodec/ppc/dsputil_ppc.c,dsputil_ppc.c,325,236,60,29,30,9889,232
C Header,/libavcodec/ppc/dsputil_ppc.h,dsputil_ppc.h,155,125,26,4,17,6075,136
C,/libavcodec/sh4/dsputil_sh4.c,dsputil_sh4.c,120,91,22,7,8,3722,88
C,/libavcodec/sparc/dsputil_vis.c,dsputil_vis.c,4090,2771,72,1247,144,122490,834
C,/libavcodec/dtsdec.c,dtsdec.c,268,221,20,27,26,7115,170
C,/libavcodec/dv.c,dv.c,1266,970,150,146,194,44541,873
C,/libavformat/dv.c,dv.c,451,320,60,71,60,13946,310
C Header,/libavformat/dv.h,dv.h,37,9,26,2,0,1472,31
C,/libavformat/dv1394.c,dv1394.c,240,163,35,42,25,6666,163
C Header,/libavformat/dv1394.h,dv1394.h,357,45,260,52,0,12296,245
C,/libavcodec/dvbsub.c,dvbsub.c,445,349,38,58,80,13308,273
C,/libavcodec/dvbsubdec.c,dvbsubdec.c,1633,1277,28,328,376,43869,792
C Header,/libavcodec/dvdata.h,dvdata.h,2724,2635,51,38,24,109433,2334
C,/libavcodec/dvdsubdec.c,dvdsubdec.c,472,405,31,36,77,14082,349
C,/libavcodec/dvdsubenc.c,dvdsubenc.c,247,182,39,26,36,7179,185
C,/libavformat/dvenc.c,dvenc.c,411,317,55,39,44,16052,291
C,/libavformat/electronicarts.c,electronicarts.c,291,209,37,45,34,8209,197
C,/libavcodec/error_resilience.c,error_resilience.c,1030,789,81,160,249,39126,616
C,/libavcodec/eval.c,eval.c,466,382,38,46,109,13895,337
C Header,/libavcodec/eval.h,eval.h,84,20,57,7,0,4050,54
C,/libavcodec/faac.c,faac.c,133,81,29,23,8,4106,95
C,/libavcodec/faad.c,faad.c,334,257,36,41,20,11192,233
C,/libavcodec/faandct.c,faandct.c,220,149,34,37,3,6796,146
C Header,/libavcodec/faandct.h,faandct.h,33,3,27,3,0,1068,26
C,/libavcodec/ppc/fdct_altivec.c,fdct_altivec.c,493,381,41,71,0,18602,336
C,/libavcodec/i386/fdct_mmx.c,fdct_mmx.c,566,473,47,46,2,15958,331
C,/libavcodec/fdctref.c,fdctref.c,158,82,51,25,12,4281,110
C,/libavformat/ffm.c,ffm.c,792,627,74,91,100,23122,523
C,/ffmpeg.c,ffmpeg.c,3976,3306,209,461,740,140063,2592
Plain Text,/doc/ffmpeg_powerpc_performance_evaluation_howto.txt,ffmpeg_powerpc_performance_evaluation_howto.txt,172,127,0,45,0,5769,111
C,/ffplay.c,ffplay.c,2526,2037,183,306,378,76890,1599
C,/ffserver.c,ffserver.c,4602,3736,363,503,1119,154085,2787
C Header,/ffserver.h,ffserver.h,8,4,1,3,0,126,6
C,/libavcodec/fft-test.c,fft-test.c,297,227,30,40,35,7383,206
C,/libavcodec/fft.c,fft.c,262,186,46,30,34,6694,191
C,/libavcodec/i386/fft_3dn.c,fft_3dn.c,125,96,23,6,3,4307,115
C,/libavcodec/i386/fft_3dn2.c,fft_3dn2.c,210,171,26,13,5,7070,173
C,/libavcodec/ppc/fft_altivec.c,fft_altivec.c,166,93,47,26,7,4600,128
C,/libavcodec/i386/fft_sse.c,fft_sse.c,247,181,46,20,5,8936,200
C,/libavcodec/ffv1.c,ffv1.c,1040,821,47,172,125,30532,579
C,/libavutil/fifo.c,fifo.c,114,73,29,12,9,2959,81
C Header,/libavutil/fifo.h,fifo.h,25,22,0,3,1,781,23
C,/libavformat/file.c,file.c,130,90,23,17,11,3028,79
C,/vhook/fish.c,fish.c,380,277,43,60,45,11301,279
C,/libavcodec/flac.c,flac.c,762,578,78,106,151,22368,463
C,/libavcodec/flacenc.c,flacenc.c,1371,1109,93,169,257,40506,857
C,/libavcodec/flashsv.c,flashsv.c,260,156,63,41,36,8402,188
C,/libavcodec/flashsvenc.c,flashsvenc.c,337,193,89,55,27,10149,240
C,/libavformat/flic.c,flic.c,221,128,60,33,32,6912,163
C,/libavcodec/flicvideo.c,flicvideo.c,754,569,91,94,116,28710,395
C,/libavcodec/ppc/float_altivec.c,float_altivec.c,193,140,24,29,14,6064,135
C Header,/libavformat/flv.h,flv.h,108,68,24,16,0,3170,75
C,/libavformat/flvdec.c,flvdec.c,389,303,41,45,124,14223,270
C,/libavformat/flvenc.c,flvenc.c,336,257,27,52,35,10089,241
C,/libavformat/framehook.c,framehook.c,121,80,21,20,14,3103,83
C Header,/libavformat/framehook.h,framehook.h,50,16,26,8,0,1801,38
C,/libavcodec/fraps.c,fraps.c,398,272,80,46,54,11892,258
C,/libavcodec/g726.c,g726.c,429,321,45,63,45,12554,307
C Header,/libavcodec/ppc/gcc_fixes.h,gcc_fixes.h,119,72,32,15,0,4114,89
C,/libavformat/gif.c,gif.c,419,263,99,57,34,16516,303
C,/libavcodec/gif.c,gif.c,350,217,91,42,25,15463,266
C,/libavcodec/gifdec.c,gifdec.c,339,266,39,34,37,9829,250
C,/libavformat/gifdec.c,gifdec.c,593,490,55,48,96,15904,435
C,/libavcodec/ppc/gmc_altivec.c,gmc_altivec.c,146,85,37,24,6,4877,109
C,/libavcodec/golomb.c,golomb.c,156,119,27,10,0,9123,76
C Header,/libavcodec/golomb.h,golomb.h,479,303,82,94,43,11503,220
C,/libavformat/grab.c,grab.c,864,722,68,74,120,29151,585
C,/libavformat/grab_bktr.c,grab_bktr.c,325,244,27,54,46,8570,228
C,/libavformat/gxf.c,gxf.c,527,437,71,19,104,16813,377
C Header,/libavformat/gxf.h,gxf.h,34,10,21,3,0,1034,29
C,/libavformat/gxfenc.c,gxfenc.c,829,693,46,90,102,25430,537
C,/libavcodec/h261.c,h261.c,1055,758,130,167,181,29265,695
C Header,/libavcodec/h261data.h,h261data.h,157,115,29,13,0,5276,126
C,/libavcodec/h263.c,h263.c,6312,5050,446,816,1520,217372,3671
C Header,/libavcodec/h263data.h,h263data.h,308,248,34,26,0,10283,242
C,/libavcodec/h263dec.c,h263dec.c,913,691,75,147,247,28299,547
C,/libavcodec/h264.c,h264.c,8653,7183,454,1016,1958,332688,5254
C,/libavcodec/ppc/h264_altivec.c,h264_altivec.c,565,455,29,81,14,24504,351
C,/libavcodec/ppc/h264_template_altivec.c,h264_template_altivec.c,719,576,29,114,17,27523,402
C Header,/libavcodec/h264data.h,h264data.h,1323,1092,109,122,0,57265,1020
C,/libavcodec/h264dsp.c,h264dsp.c,81,38,34,9,0,2299,62
C,/libavcodec/i386/h264dsp_mmx.c,h264dsp_mmx.c,1513,1381,55,77,21,59274,943
C,/libavcodec/h264enc.c,h264enc.c,107,64,28,15,20,3057,79
C,/libavcodec/h264idct.c,h264idct.c,168,117,27,24,8,6059,108
C,/libavformat/http.c,http.c,348,271,38,39,85,8928,254
C,/libavcodec/huffyuv.c,huffyuv.c,1290,1051,38,201,178,41706,700
C,/libavformat/idcin.c,idcin.c,301,172,94,35,40,10398,234
C,/libavcodec/idcinvideo.c,idcinvideo.c,272,161,67,44,25,7929,191
C,/libavcodec/ppc/idct_altivec.c,idct_altivec.c,237,177,35,25,0,11538,178
C,/libavcodec/ps2/idct_mmi.c,idct_mmi.c,363,290,42,31,0,13722,252
C,/libavcodec/i386/idct_mmx.c,idct_mmx.c,597,409,32,156,0,21970,362
C,/libavcodec/i386/idct_mmx_xvid.c,idct_mmx_xvid.c,535,296,204,35,0,24385,428
C,/libavcodec/sh4/idct_sh4.c,idct_sh4.c,366,279,35,52,10,9987,219
C,/libavformat/idroq.c,idroq.c,291,199,44,48,29,8904,191
C,/libavcodec/imc.c,imc.c,813,620,58,135,160,24415,521
C Header,/libavcodec/imcdata.h,imcdata.h,164,123,24,17,0,9488,121
C,/libavcodec/liba52/imdct.c,imdct.c,411,309,40,62,23,11418,280
C,/libavformat/img.c,img.c,400,316,39,45,55,9952,246
C,/libavformat/img2.c,img2.c,428,348,34,46,72,10964,275
C,/libavcodec/imgconvert.c,imgconvert.c,2855,2488,136,231,287,78378,1377
C Header,/libavcodec/imgconvert_template.h,imgconvert_template.h,875,735,37,103,59,22491,281
C,/libavcodec/imgresample.c,imgresample.c,949,757,86,106,145,29658,615
C,/vhook/imlib2.c,imlib2.c,449,296,102,51,46,13879,327
C,/libavcodec/indeo2.c,indeo2.c,221,165,30,26,23,6557,143
C Header,/libavcodec/indeo2data.h,indeo2data.h,134,112,20,2,0,6714,129
C,/libavcodec/indeo3.c,indeo3.c,1153,974,24,155,255,39821,653
C Header,/libavcodec/indeo3data.h,indeo3data.h,2335,2310,20,5,0,240639,1395
C,/libavutil/integer.c,integer.c,223,139,52,32,36,5848,133
C Header,/libavutil/integer.h,integer.h,49,17,26,6,0,1548,38
C Header,/libavutil/internal.h,internal.h,324,240,34,50,25,7095,210
C,/libavcodec/interplayvideo.c,interplayvideo.c,964,690,104,170,143,28697,502
C,/libavutil/intfloat_readwrite.c,intfloat_readwrite.c,97,59,27,11,22,2932,72
C Header,/libavutil/intfloat_readwrite.h,intfloat_readwrite.h,39,14,20,5,0,1263,32
C Header,/libavutil/intreadwrite.h,intreadwrite.h,65,49,1,15,0,2217,50
C,/libavformat/ipmovie.c,ipmovie.c,625,453,67,105,79,20519,413
C,/libavformat/isom.c,isom.c,131,86,39,6,14,4857,114
C Header,/libavformat/isom.h,isom.h,38,10,23,5,0,1261,31
C,/libavcodec/jfdctfst.c,jfdctfst.c,338,161,117,60,5,11402,209
C,/libavcodec/jfdctint.c,jfdctint.c,406,209,142,55,9,16137,256
C,/libavformat/jpeg.c,jpeg.c,240,197,27,16,32,6407,177
C,/libavcodec/jpeg_ls.c,jpeg_ls.c,860,632,105,123,187,26063,536
C,/libavcodec/jrevdct.c,jrevdct.c,1159,766,243,150,95,43888,425
Assembly,/libavcodec/armv4l/jrevdct_arm.S,jrevdct_arm.S,386,313,26,47,2,13872,250
C,/libavcodec/kmvc.c,kmvc.c,417,327,40,50,71,13948,260
C,/libavcodec/lcl.c,lcl.c,928,738,100,90,127,32292,538
C,/libavcodec/libgsm.c,libgsm.c,97,52,26,19,6,2489,61
C,/libavformat/libnut.c,libnut.c,283,226,1,56,39,8218,180
C,/libavcodec/libtheoraenc.c,libtheoraenc.c,280,188,60,32,30,8844,198
C,/libavutil/lls.c,lls.c,151,101,25,25,17,4140,105
C Header,/libavutil/lls.h,lls.h,45,14,25,6,0,1422,35
C,/libavcodec/loco.c,loco.c,287,226,30,31,21,8875,188
C,/libavutil/log.c,log.c,82,46,24,12,4,2109,55
C Header,/libavutil/log.h,log.h,102,43,45,14,0,2996,70
C,/libavutil/lzo.c,lzo.c,273,207,57,9,39,8004,217
C Header,/libavutil/lzo.h,lzo.h,35,10,20,5,0,1097,28
C,/libavcodec/lzw.c,lzw.c,262,192,49,21,42,6967,198
C Header,/libavcodec/lzw.h,lzw.h,49,14,29,6,0,1519,40
C,/libavcodec/mace.c,mace.c,456,348,71,37,24,22413,353
C Header,/libpostproc/mangle.h,mangle.h,47,19,24,4,6,1516,34
C,/libavutil/mathematics.c,mathematics.c,139,96,24,19,20,4394,103
C Header,/libavutil/mathematics.h,mathematics.h,51,14,30,7,0,1716,36
C Header,/libavcodec/ppc/mathops.h,mathops.h,33,8,23,2,0,1272,29
C Header,/libavcodec/armv4l/mathops.h,mathops.h,49,22,22,5,0,1792,41
C Header,/libavcodec/mathops.h,mathops.h,69,27,26,16,0,1763,46
C Header,/libavcodec/i386/mathops.h,mathops.h,41,17,20,4,0,1385,34
C,/libavformat/matroska.c,matroska.c,2767,2038,326,403,435,90749,1372
C,/libavutil/md5.c,md5.c,186,125,31,30,11,5479,139
C Header,/libavutil/md5.h,md5.h,34,9,19,6,0,1153,26
C,/libavcodec/mdct.c,mdct.c,177,113,45,19,9,4553,122
C,/libavcodec/mdec.c,mdec.c,270,185,44,41,20,8074,194
C,/libavutil/mem.c,mem.c,171,77,77,17,7,4548,111
C,/libavcodec/mjpeg.c,mjpeg.c,2625,2122,159,344,414,84111,1680
C,/libavformat/mm.c,mm.c,212,145,38,29,24,6478,159
C Header,/libavcodec/liba52/mm_accel.h,mm_accel.h,42,11,25,6,0,1415,34
C,/libavformat/mmf.c,mmf.c,331,247,34,50,48,8677,216
C Header,/libavcodec/ps2/mmi.h,mmi.h,172,70,62,40,0,5792,125
C,/libavcodec/mmvideo.c,mmvideo.c,206,142,31,33,21,5741,144
C Header,/libavcodec/i386/mmx.h,mmx.h,283,190,28,65,0,13946,207
C,/libavcodec/motion_est.c,motion_est.c,2144,1736,110,298,400,78078,1334
C,/libavcodec/alpha/motion_est_alpha.c,motion_est_alpha.c,345,264,26,55,23,9800,178
C,/libavcodec/i386/motion_est_mmx.c,motion_est_mmx.c,408,368,23,17,3,14414,196
Assembly,/libavcodec/alpha/motion_est_mvi_asm.S,motion_est_mvi_asm.S,185,112,65,8,0,6313,146
C,/libavcodec/motion_est_template.c,motion_est_template.c,1238,1005,75,158,198,43770,656
C,/libavcodec/motion_test.c,motion_test.c,159,109,25,25,13,4093,112
C,/libavformat/mov.c,mov.c,1806,1433,151,222,288,64630,1165
C,/libavformat/movenc.c,movenc.c,1721,1459,78,184,327,54509,1055
C,/libavformat/mp3.c,mp3.c,431,364,33,34,53,10501,339
C,/libavcodec/mp3lameaudio.c,mp3lameaudio.c,221,152,35,34,19,6660,152
C,/libavformat/mpc.c,mpc.c,231,175,33,23,44,6739,169
C,/libavcodec/mpc.c,mpc.c,361,291,41,29,55,12003,257
C Header,/libavcodec/mpcdata.h,mpcdata.h,206,176,21,9,0,10540,151
C,/libavformat/mpeg.c,mpeg.c,1853,1420,204,229,466,59015,1225
C,/libavcodec/mpeg12.c,mpeg12.c,3514,2930,183,401,748,123102,2002
C Header,/libavcodec/mpeg12data.h,mpeg12data.h,469,406,31,32,0,13554,343
C Header,/libavcodec/mpeg4data.h,mpeg4data.h,423,361,32,30,0,14187,300
C,/libavcodec/mpegaudio.c,mpegaudio.c,799,623,85,91,110,23235,569
C Header,/libavcodec/mpegaudio.h,mpegaudio.h,106,59,33,14,9,3287,82
C,/libavcodec/mpegaudiodec.c,mpegaudiodec.c,2879,2344,242,293,425,87269,1955
C Header,/libavcodec/mpegaudiodectab.h,mpegaudiodectab.h,795,699,39,57,0,30884,568
C Header,/libavcodec/mpegaudiotab.h,mpegaudiotab.h,111,63,33,15,0,3268,89
C,/libavformat/mpegts.c,mpegts.c,1547,1266,127,154,300,45441,939
C Header,/libavformat/mpegts.h,mpegts.h,62,29,23,10,0,2012,50
C,/libavformat/mpegtsenc.c,mpegtsenc.c,676,554,58,64,79,20458,496
C,/libavcodec/mpegvideo.c,mpegvideo.c,6946,5718,358,870,1504,257124,4041
C Header,/libavcodec/mpegvideo.h,mpegvideo.h,931,720,107,104,2,39798,780
C,/libavcodec/alpha/mpegvideo_alpha.c,mpegvideo_alpha.c,147,88,34,25,11,4587,78
C,/libavcodec/ppc/mpegvideo_altivec.c,mpegvideo_altivec.c,603,403,110,90,33,23981,444
C,/libavcodec/armv4l/mpegvideo_arm.c,mpegvideo_arm.c,36,13,20,3,0,1167,30
C,/libavcodec/armv4l/mpegvideo_armv5te.c,mpegvideo_armv5te.c,213,152,42,19,10,8077,151
C,/libavcodec/armv4l/mpegvideo_iwmmxt.c,mpegvideo_iwmmxt.c,119,79,27,13,5,5106,89
C,/libavcodec/ps2/mpegvideo_mmi.c,mpegvideo_mmi.c,89,57,21,11,5,2964,73
C,/libavcodec/i386/mpegvideo_mmx.c,mpegvideo_mmx.c,725,593,60,72,23,31612,356
C,/libavcodec/i386/mpegvideo_mmx_template.c,mpegvideo_mmx_template.c,348,302,34,12,47,17134,253
C,/libavcodec/ppc/mpegvideo_ppc.c,mpegvideo_ppc.c,87,55,21,11,13,2943,62
C,/libavformat/mpjpeg.c,mpjpeg.c,67,37,21,9,0,1896,46
C,/libavcodec/msmpeg4.c,msmpeg4.c,1938,1589,129,220,403,61365,1157
C Header,/libavcodec/msmpeg4data.h,msmpeg4data.h,2028,1925,44,59,0,83767,1602
C,/libavcodec/msrle.c,msrle.c,309,220,51,38,53,9913,180
C,/libavcodec/msvideo1.c,msvideo1.c,349,247,51,51,55,11393,207
C,/libavformat/mtv.c,mtv.c,187,112,36,39,17,5335,134
C,/libavformat/mxf.c,mxf.c,922,777,67,78,146,38027,596
C Header,/libavformat/network.h,network.h,30,8,19,3,0,967,25
C,/libavformat/nsvdec.c,nsvdec.c,763,546,129,88,137,24706,529
C,/vhook/null.c,null.c,116,67,28,21,9,3776,81
C,/libavformat/nut.c,nut.c,1457,1152,79,226,262,43547,895
C Header,/libavformat/nut.h,nut.h,97,58,28,11,0,3602,80
C,/libavformat/nutdec.c,nutdec.c,884,727,41,116,186,27239,570
C,/libavcodec/nuv.c,nuv.c,216,165,35,16,22,6950,160
C,/libavformat/nuv.c,nuv.c,241,195,30,16,23,7929,187
C,/libavformat/ogg.c,ogg.c,283,191,32,60,27,7928,179
C,/libavformat/ogg2.c,ogg2.c,700,535,40,125,125,15864,406
C Header,/libavformat/ogg2.h,ogg2.h,86,53,23,10,0,2473,72
C,/libavformat/oggparseflac.c,oggparseflac.c,82,48,20,14,11,2527,65
C,/libavformat/oggparseogm.c,oggparseogm.c,166,122,23,21,17,4871,111
C,/libavformat/oggparsetheora.c,oggparsetheora.c,129,84,23,22,13,4012,100
C,/libavformat/oggparsevorbis.c,oggparsevorbis.c,205,133,37,35,32,6135,158
C,/libavcodec/oggvorbis.c,oggvorbis.c,381,266,41,74,44,11790,254
C,/libavcodec/opt.c,opt.c,381,289,44,48,106,12856,238
C Header,/libavcodec/opt.h,opt.h,83,41,32,10,0,2823,67
Plain Text,/doc/optimization.txt,optimization.txt,167,120,0,47,0,5367,119
C,/libavcodec/os2thread.c,os2thread.c,147,80,40,27,13,4357,101
C,/libavformat/os_support.c,os_support.c,96,63,25,8,15,2632,72
C Header,/libavformat/os_support.h,os_support.h,81,35,37,9,5,2322,62
C,/output_example.c,output_example.c,546,366,100,80,77,16253,352
C,/libavcodec/liba52/parse.c,parse.c,939,773,27,139,189,23365,604
C,/libavcodec/parser.c,parser.c,902,690,109,103,131,28393,599
C Header,/libavcodec/parser.h,parser.h,63,29,25,9,0,2147,52
C,/libavcodec/pcm.c,pcm.c,548,454,55,39,52,15334,275
C,/pktdumper.c,pktdumper.c,97,84,2,11,17,2887,76
C,/libavcodec/png.c,png.c,966,821,67,78,169,29482,654
C,/libavcodec/pnm.c,pnm.c,606,536,23,47,121,16843,366
C,/libpostproc/postprocess.c,postprocess.c,1144,884,132,128,182,45157,738
C Header,/libpostproc/postprocess.h,postprocess.h,84,37,29,18,0,2513,58
C,/libpostproc/postprocess_altivec_template.c,postprocess_altivec_template.c,1191,997,71,123,29,51975,874
C Header,/libpostproc/postprocess_internal.h,postprocess_internal.h,183,96,52,35,6,6021,135
C,/libpostproc/postprocess_template.c,postprocess_template.c,3843,3075,381,387,186,190514,2074
C,/vhook/ppm.c,ppm.c,367,252,59,56,65,9553,225
C,/libavformat/psxstr.c,psxstr.c,364,239,61,64,49,11402,243
C,/libavcodec/pthread.c,pthread.c,170,119,24,27,13,4734,118
C,/libavcodec/qdm2.c,qdm2.c,2042,1424,278,340,419,69003,1292
C Header,/libavcodec/qdm2data.h,qdm2data.h,530,418,53,59,0,26128,321
C,/libavcodec/qdrw.c,qdrw.c,160,113,27,20,15,4339,120
C,/libavcodec/qpeg.c,qpeg.c,324,251,37,36,66,9602,216
C,/libavcodec/sh4/qpel.c,qpel.c,1600,1485,80,35,40,70637,748
C,/qt-faststart.c,qt-faststart.c,311,245,36,30,59,10473,215
C Header,/libavformat/qtpalette.h,qtpalette.h,295,285,5,5,0,11890,283
C,/libavcodec/qtrle.c,qtrle.c,630,469,74,87,74,18926,253
C,/libavcodec/ra144.c,ra144.c,519,428,34,57,64,13209,402
C Header,/libavcodec/ra144.h,ra144.h,2428,2386,21,21,0,137402,2404
C,/libavcodec/ra288.c,ra288.c,258,190,29,39,42,6323,181
C Header,/libavcodec/ra288.h,ra288.h,205,177,20,8,0,19320,191
C,/libavcodec/rangecoder.c,rangecoder.c,153,88,37,28,16,3880,101
C Header,/libavcodec/rangecoder.h,rangecoder.h,127,85,26,16,10,3523,92
C,/libavcodec/ratecontrol.c,ratecontrol.c,944,713,89,142,153,31798,633
C Header,/libavcodec/ratecontrol.h,ratecontrol.h,103,62,29,12,0,3339,86
C,/libavutil/rational.c,rational.c,120,60,43,17,9,3223,80
C Header,/libavutil/rational.h,rational.h,71,21,41,9,2,2007,49
C,/libavformat/raw.c,raw.c,857,708,43,106,62,20112,402
C,/libavcodec/raw.c,raw.c,210,149,28,33,22,6328,140
C Header,/libavcodec/alpha/regdef.h,regdef.h,66,37,21,8,0,2112,56
Shell,/tests/regression.sh,regression.sh,696,422,158,116,54,16667,377
C,/libavcodec/resample.c,resample.c,249,175,39,35,40,7043,163
C,/libavcodec/liba52/resample.c,resample.c,63,30,23,10,5,1955,48
C,/libavcodec/resample2.c,resample2.c,274,181,63,30,32,9493,206
C,/libavcodec/liba52/resample_c.c,resample_c.c,203,168,21,14,26,5482,107
C,/libavcodec/liba52/resample_mmx.c,resample_mmx.c,537,463,46,28,11,16265,254
C,/libswscale/rgb2rgb.c,rgb2rgb.c,665,541,83,41,27,21248,405
C Header,/libswscale/rgb2rgb.h,rgb2rgb.h,147,71,59,17,0,6918,94
C,/libswscale/rgb2rgb_template.c,rgb2rgb_template.c,2688,2448,106,134,78,69331,1148
C,/libavformat/riff.c,riff.c,487,401,43,43,102,18044,384
C Header,/libavformat/riff.h,riff.h,55,22,25,8,0,2116,44
C,/libavformat/rm.c,rm.c,1146,961,79,106,199,38545,815
C,/libavcodec/roqvideo.c,roqvideo.c,474,373,31,70,42,14889,321
C,/tests/rotozoom.c,rotozoom.c,289,233,7,49,19,6545,202
C,/libavcodec/rpza.c,rpza.c,292,194,55,43,26,8825,208
C,/libavcodec/rtjpeg.c,rtjpeg.c,165,93,60,12,19,5675,125
C Header,/libavcodec/rtjpeg.h,rtjpeg.h,39,15,20,4,0,1309,33
C,/libavformat/rtp.c,rtp.c,1091,843,144,104,120,38887,748
C Header,/libavformat/rtp.h,rtp.h,119,82,23,14,0,3376,101
C,/libavformat/rtp_h264.c,rtp_h264.c,411,280,77,54,70,14508,300
C Header,/libavformat/rtp_h264.h,rtp_h264.h,26,4,20,2,0,955,22
C Header,/libavformat/rtp_internal.h,rtp_internal.h,110,63,31,16,0,4795,92
C,/libavformat/rtpproto.c,rtpproto.c,295,205,58,32,36,8073,201
C,/libavformat/rtsp.c,rtsp.c,1486,1222,120,144,372,44857,876
C Header,/libavformat/rtsp.h,rtsp.h,98,62,23,13,0,3076,81
C Header,/libavformat/rtspcodes.h,rtspcodes.h,31,11,20,0,0,1441,29
C,/libavcodec/rv10.c,rv10.c,803,637,70,96,139,25520,496
C,/tests/seek_test.c,seek_test.c,91,56,22,13,10,2804,67
Shell,/tests/seek_test.sh,seek_test.sh,25,19,2,4,2,481,21
C,/libavformat/segafilm.c,segafilm.c,295,213,40,42,57,9549,211
Shell,/tests/server-regression.sh,server-regression.sh,50,40,6,4,7,1576,44
C,/libavformat/sgi.c,sgi.c,460,323,42,95,70,10923,278
C,/libavcodec/shorten.c,shorten.c,533,425,33,75,80,16820,366
C,/libavformat/sierravmd.c,sierravmd.c,302,228,37,37,26,10696,238
C,/libavcodec/simple_idct.c,simple_idct.c,587,454,55,78,34,16303,303
C Header,/libavcodec/simple_idct.h,simple_idct.h,38,9,25,4,0,1475,30
C,/libavcodec/alpha/simple_idct_alpha.c,simple_idct_alpha.c,308,233,33,42,38,7863,214
Assembly,/libavcodec/armv4l/simple_idct_arm.S,simple_idct_arm.S,487,413,29,45,24,22108,341
Assembly,/libavcodec/armv4l/simple_idct_armv5te.S,simple_idct_armv5te.S,718,633,22,63,0,19709,334
Assembly,/libavcodec/armv4l/simple_idct_armv6.S,simple_idct_armv6.S,448,312,86,50,0,14028,264
C,/libavcodec/i386/simple_idct_mmx.c,simple_idct_mmx.c,1294,1139,82,73,1,72768,433
C,/libavformat/smacker.c,smacker.c,345,276,39,30,59,11329,273
C,/libavcodec/smacker.c,smacker.c,723,580,63,80,108,21352,477
C,/libavcodec/smc.c,smc.c,493,360,73,60,68,16859,315
C,/libavcodec/snow.c,snow.c,4706,3975,169,562,788,171555,2645
C Header,/libavcodec/snow.h,snow.h,176,121,22,33,6,4512,128
Plain Text,/doc/snow.txt,snow.txt,259,198,0,61,0,7049,170
C,/libavcodec/ppc/snow_altivec.c,snow_altivec.c,788,559,51,178,35,23065,368
C,/libavcodec/i386/snowdsp_mmx.c,snowdsp_mmx.c,921,805,24,92,35,41947,586
Plain Text,/doc/soc.txt,soc.txt,24,20,0,4,0,1234,21
C,/libavutil/softfloat.c,softfloat.c,72,45,19,8,6,2011,54
C Header,/libavutil/softfloat.h,softfloat.h,122,74,36,12,10,3364,82
C,/libavformat/sol.c,sol.c,160,112,29,19,44,4088,116
C,/libavcodec/sonic.c,sonic.c,981,722,70,189,145,24986,503
C Header,/libavcodec/sp5x.h,sp5x.h,332,266,40,26,0,16760,254
C,/libavcodec/svq1.c,svq1.c,1431,1097,90,244,232,44272,923
C Header,/libavcodec/svq1_cb.h,svq1_cb.h,1580,1528,39,13,0,102125,1540
C Header,/libavcodec/svq1_vlc.h,svq1_vlc.h,281,244,29,8,0,14859,245
C,/libavcodec/svq3.c,svq3.c,1015,763,86,166,291,32872,650
C,/libavformat/swf.c,swf.c,927,734,77,116,157,28368,620
C,/libswscale/swscale-example.c,swscale-example.c,229,166,27,36,34,6042,169
C,/libswscale/swscale.c,swscale.c,2859,2279,250,330,551,83547,1762
C Header,/libswscale/swscale.h,swscale.h,148,88,31,29,0,4714,112
C,/libswscale/swscale_altivec_template.c,swscale_altivec_template.c,548,428,52,68,42,19933,338
C Header,/libswscale/swscale_internal.h,swscale_internal.h,224,167,30,27,24,6803,191
C,/libswscale/swscale_template.c,swscale_template.c,3241,2924,105,212,210,105697,1477
C Header,/libavcodec/liba52/tables.h,tables.h,246,204,22,20,0,9552,165
C,/libavcodec/targa.c,targa.c,254,210,23,21,41,7326,191
C,/libavformat/tcp.c,tcp.c,209,166,24,19,45,5472,149
Perl,/doc/texi2pod.pl,texi2pod.pl,427,306,63,58,36,12123,299
C,/libavformat/tiertexseq.c,tiertexseq.c,313,222,37,54,55,9322,209
C,/libavcodec/tiertexseqv.c,tiertexseqv.c,232,171,26,35,25,6419,157
C,/libavcodec/tiff.c,tiff.c,532,473,29,30,86,15313,372
C,/tests/tiny_psnr.c,tiny_psnr.c,154,115,20,19,17,3678,123
C,/libavutil/tree.c,tree.c,151,118,19,14,23,4432,111
C Header,/libavutil/tree.h,tree.h,52,7,40,5,0,2148,41
C,/libavcodec/truemotion1.c,truemotion1.c,928,688,109,131,118,28484,485
C Header,/libavcodec/truemotion1data.h,truemotion1data.h,829,793,29,7,0,14454,461
C,/libavcodec/truemotion2.c,truemotion2.c,893,711,65,117,125,25344,546
C,/libavcodec/truespeech.c,truespeech.c,381,274,39,68,37,10107,230
C Header,/libavcodec/truespeech_data.h,truespeech_data.h,157,108,26,23,0,5298,119
C,/libavcodec/tscc.c,tscc.c,348,237,70,41,58,9683,222
C,/libavcodec/tta.c,tta.c,446,324,63,59,54,13516,300
C,/libavformat/tta.c,tta.c,152,106,25,21,23,4400,110
C Header,/libavcodec/ppc/types_altivec.h,types_altivec.h,41,13,25,3,0,1659,34
C,/libavformat/udp.c,udp.c,492,386,57,49,106,14419,287
C,/libavcodec/ulti.c,ulti.c,428,351,31,46,41,14741,313
C Header,/libavcodec/ulti_cb.h,ulti_cb.h,4119,4098,20,1,0,115581,4116
Shell,/unwrap-diff,unwrap-diff,2,1,1,0,0,105,3
C,/libavformat/utils.c,utils.c,3151,2289,528,334,758,96390,1892
C,/libavcodec/utils.c,utils.c,1360,1134,96,130,162,65017,971
C,/libavformat/v4l2.c,v4l2.c,541,414,40,87,79,13955,296
C,/libavcodec/vc1.c,vc1.c,4573,3732,433,408,1250,157377,2351
C Header,/libavcodec/vc1acdata.h,vc1acdata.h,585,555,21,9,0,37522,423
C Header,/libavcodec/vc1data.h,vc1data.h,652,564,51,37,0,22883,477
C,/libavcodec/vc1dsp.c,vc1dsp.c,463,350,45,68,15,13594,224
C,/libavcodec/ppc/vc1dsp_altivec.c,vc1dsp_altivec.c,338,288,27,23,2,11069,213
C,/libavcodec/vcr1.c,vcr1.c,190,127,27,36,10,4857,123
Shell,/version.sh,version.sh,14,9,2,3,6,551,12
C,/tests/videogen.c,videogen.c,278,230,11,37,25,6741,200
C Header,/libavcodec/sparc/vis.h,vis.h,327,225,50,52,2,13727,184
C,/libavcodec/vmdav.c,vmdav.c,572,428,71,73,88,16924,373
C,/libavcodec/vmnc.c,vmnc.c,525,439,46,40,99,15505,329
C,/libavformat/voc.c,voc.c,36,13,20,3,0,1282,31
C Header,/libavformat/voc.h,voc.h,51,24,20,7,0,1640,42
C,/libavformat/vocdec.c,vocdec.c,156,114,20,22,13,4414,114
C,/libavformat/vocenc.c,vocenc.c,103,71,20,12,9,3072,81
C,/libavcodec/vorbis.c,vorbis.c,1814,1419,91,304,280,63307,1172
C Header,/libavcodec/vorbis.h,vorbis.h,43,17,19,7,0,1518,34
C,/libavcodec/vorbis_data.c,vorbis_data.c,2155,2124,19,12,0,131820,2132
C,/libavcodec/vorbis_enc.c,vorbis_enc.c,1087,891,43,153,196,34584,763
C Header,/libavcodec/vorbis_enc_data.h,vorbis_enc_data.h,498,448,19,31,0,24418,316
C,/libavcodec/vp3.c,vp3.c,2657,1909,356,392,347,96159,1658
C Header,/libavcodec/vp3data.h,vp3data.h,3178,3094,32,52,0,64088,1447
C,/libavcodec/vp3dsp.c,vp3dsp.c,225,150,29,46,11,6961,156
C,/libavcodec/i386/vp3dsp_mmx.c,vp3dsp_mmx.c,324,228,71,25,1,11701,267
C,/libavcodec/i386/vp3dsp_sse2.c,vp3dsp_sse2.c,827,780,25,22,0,36150,531
C,/libavcodec/vp5.c,vp5.c,290,234,25,31,55,10253,219
C,/libavcodec/vp56.c,vp56.c,666,530,34,102,110,21586,436
C Header,/libavcodec/vp56.h,vp56.h,252,182,35,35,12,7589,187
C,/libavcodec/vp56data.c,vp56data.c,66,37,22,7,0,2388,53
C Header,/libavcodec/vp56data.h,vp56data.h,248,209,23,16,0,11960,217
C Header,/libavcodec/vp5data.h,vp5data.h,173,142,22,9,0,10123,145
C,/libavcodec/vp6.c,vp6.c,556,453,34,69,127,18679,378
C Header,/libavcodec/vp6data.h,vp6data.h,300,259,22,19,0,10386,248
C,/libavcodec/vqavideo.c,vqavideo.c,625,404,111,110,83,20180,413
C,/libavcodec/w32thread.c,w32thread.c,136,79,32,25,13,3899,91
C,/vhook/watermark.c,watermark.c,661,407,165,89,87,23411,389
C,/libavformat/wav.c,wav.c,254,189,32,33,35,6136,166
C,/libavcodec/wavpack.c,wavpack.c,556,481,30,45,97,18081,395
C,/libavformat/wc3movie.c,wc3movie.c,394,288,54,52,37,13063,279
C,/libavformat/westwood.c,westwood.c,400,278,66,56,56,13093,285
C,/libavcodec/wma.c,wma.c,386,321,34,31,109,12370,300
C Header,/libavcodec/wma.h,wma.h,149,98,32,19,0,5675,127
C Header,/libavcodec/wmadata.h,wmadata.h,1433,1379,25,29,0,70815,1208
C,/libavcodec/wmadec.c,wmadec.c,909,682,133,94,173,28676,615
C,/libavcodec/wmaenc.c,wmaenc.c,402,319,31,52,74,12234,281
C,/libavcodec/wmv2.c,wmv2.c,861,674,47,140,143,25671,505
C,/libavcodec/wnv1.c,wnv1.c,146,97,26,23,12,3934,107
C,/libavcodec/ws-snd1.c,ws-snd1.c,144,101,30,13,13,4118,102
C,/libavformat/wv.c,wv.c,241,193,26,22,43,6770,171
C,/libavformat/x11grab.c,x11grab.c,540,363,121,56,66,17079,375
C,/libavcodec/x264.c,x264.c,300,218,24,58,44,9664,214
C Header,/libavutil/x86_cpu.h,x86_cpu.h,60,34,19,7,0,1565,51
C,/libavcodec/xan.c,xan.c,492,342,62,88,61,12979,314
C,/libavcodec/xl.c,xl.c,140,92,28,20,7,3679,106
C Header,/libavcodec/xvid_internal.h,xvid_internal.h,32,4,23,5,0,1015,24
C,/libavcodec/xvid_rc.c,xvid_rc.c,148,101,24,23,11,5469,115
C,/libavcodec/xvidff.c,xvidff.c,768,490,179,99,104,25118,541
C Header,/xvmc_render.h,xvmc_render.h,47,31,7,9,0,1758,39
C,/libavcodec/xvmcvideo.c,xvmcvideo.c,318,210,56,52,61,10973,228
C,/libavformat/yuv.c,yuv.c,161,115,22,24,22,3793,108
C,/libswscale/yuv2rgb.c,yuv2rgb.c,846,654,52,140,39,21338,517
C,/libswscale/yuv2rgb_altivec.c,yuv2rgb_altivec.c,963,654,190,119,32,30827,667
C,/libswscale/yuv2rgb_init.c,yuv2rgb_init.c,407,327,51,29,46,13193,255
C,/libswscale/yuv2rgb_mlib.c,yuv2rgb_mlib.c,86,50,22,14,10,2779,52
C,/libswscale/yuv2rgb_template.c,yuv2rgb_template.c,540,375,74,91,16,20416,275
C,/libavformat/yuv4mpeg.c,yuv4mpeg.c,408,333,29,46,96,12859,273
C,/libavcodec/zmbv.c,zmbv.c,692,551,63,78,103,19706,336
C,/libavcodec/zmbvenc.c,zmbvenc.c,326,242,46,38,41,9640,238
